HOSPCODE,PID,SEQ,DIAGCODE,DIAGTYPE,CLINIC,PROVIDER
11400,HN-DEMO-001,VN20251009005,U60.10,1,01100,TTM001
11400,HN-DEMO-001,VN20251009005,K30,2,01100,TTM001
11400,HN-DEMO-001,VN20251113004,U60.10,1,01100,TTM001
11400,HN-DEMO-001,VN20251113004,K30,2,01100,TTM001
11400,HN-DEMO-001,VN20251218003,U60.10,1,01100,TTM001
11400,HN-DEMO-001,VN20251218003,K30,2,01100,TTM001
11400,HN-DEMO-001,VN20260122002,U60.10,1,01100,TTM001
11400,HN-DEMO-001,VN20260122002,K30,2,01100,TTM001
11400,HN-DEMO-001,VN20260226001,U60.10,1,01100,TTM001
11400,HN-DEMO-001,VN20260226001,K30,2,01100,TTM001
11400,HN-DEMO-002,VN20260112006,U60.10,1,01100,TTM001
11400,HN-DEMO-002,VN20260112006,K30,2,01100,TTM001
11400,HN-DEMO-002,VN20260216005,U60.10,1,01100,TTM001
11400,HN-DEMO-002,VN20260216005,K30,2,01100,TTM001
11400,HN-DEMO-002,VN20260323004,U60.10,1,01100,TTM001
11400,HN-DEMO-002,VN20260323004,K30,2,01100,TTM001
11400,HN-DEMO-002,VN20260427003,U60.10,1,01100,TTM001
11400,HN-DEMO-002,VN20260427003,K30,2,01100,TTM001
11400,HN-DEMO-002,VN20260601002,U60.10,1,01100,TTM001
11400,HN-DEMO-002,VN20260601002,K30,2,01100,TTM001
11400,HN-DEMO-002,VN20260706001,U60.10,1,01100,TTM001
11400,HN-DEMO-002,VN20260706001,K30,2,01100,TTM001
11400,HN-DEMO-003,VN20260603005,U56.19,1,01100,TTM001
11400,HN-DEMO-003,VN20260603005,J00,2,01100,TTM001
11400,HN-DEMO-003,VN20260708004,U56.19,1,01100,TTM001
11400,HN-DEMO-003,VN20260708004,J00,2,01100,TTM001
11400,HN-DEMO-003,VN20260812003,U56.19,1,01100,TTM001
11400,HN-DEMO-003,VN20260812003,J00,2,01100,TTM001
11400,HN-DEMO-003,VN20260916002,U56.19,1,01100,TTM001
11400,HN-DEMO-003,VN20260916002,J00,2,01100,TTM001
11400,HN-DEMO-003,VN20261021001,U56.19,1,01100,TTM001
11400,HN-DEMO-003,VN20261021001,J00,2,01100,TTM001
11400,HN-DEMO-004,VN20251219004,U60.10,1,01100,TTM001
11400,HN-DEMO-004,VN20251219004,K30,2,01100,TTM001
11400,HN-DEMO-004,VN20260123003,U60.10,1,01100,TTM001
11400,HN-DEMO-004,VN20260123003,K30,2,01100,TTM001
11400,HN-DEMO-004,VN20260227002,U60.10,1,01100,TTM001
11400,HN-DEMO-004,VN20260227002,K30,2,01100,TTM001
11400,HN-DEMO-004,VN20260403001,U60.10,1,01100,TTM001
11400,HN-DEMO-004,VN20260403001,K30,2,01100,TTM001
11400,HN-DEMO-005,VN20260313005,U56.19,1,01100,TTM001
11400,HN-DEMO-005,VN20260313005,J00,2,01100,TTM001
11400,HN-DEMO-005,VN20260417004,U56.19,1,01100,TTM001
11400,HN-DEMO-005,VN20260417004,J00,2,01100,TTM001
11400,HN-DEMO-005,VN20260522003,U56.19,1,01100,TTM001
11400,HN-DEMO-005,VN20260522003,J00,2,01100,TTM001
11400,HN-DEMO-005,VN20260626002,U56.19,1,01100,TTM001
11400,HN-DEMO-005,VN20260626002,J00,2,01100,TTM001
11400,HN-DEMO-005,VN20260731001,U56.19,1,01100,TTM001
11400,HN-DEMO-005,VN20260731001,J00,2,01100,TTM001
11400,HN-DEMO-006,VN20260701004,U61.2,1,01100,TTM001
11400,HN-DEMO-006,VN20260701004,G43.9,2,01100,TTM001
11400,HN-DEMO-006,VN20260805003,U61.2,1,01100,TTM001
11400,HN-DEMO-006,VN20260805003,G43.9,2,01100,TTM001
11400,HN-DEMO-006,VN20260909002,U61.2,1,01100,TTM001
11400,HN-DEMO-006,VN20260909002,G43.9,2,01100,TTM001
11400,HN-DEMO-006,VN20261014001,U61.2,1,01100,TTM001
11400,HN-DEMO-006,VN20261014001,G43.9,2,01100,TTM001
11400,HN-DEMO-007,VN20250921005,U55.20,1,01100,TTM001
11400,HN-DEMO-007,VN20250921005,M54.5,2,01100,TTM001
11400,HN-DEMO-007,VN20251026004,U55.20,1,01100,TTM001
11400,HN-DEMO-007,VN20251026004,M54.5,2,01100,TTM001
11400,HN-DEMO-007,VN20251130003,U55.20,1,01100,TTM001
11400,HN-DEMO-007,VN20251130003,M54.5,2,01100,TTM001
11400,HN-DEMO-007,VN20260104002,U55.20,1,01100,TTM001
11400,HN-DEMO-007,VN20260104002,M54.5,2,01100,TTM001
11400,HN-DEMO-007,VN20260208001,U55.20,1,01100,TTM001
11400,HN-DEMO-007,VN20260208001,M54.5,2,01100,TTM001
11400,HN-DEMO-008,VN20250609006,U61.2,1,01100,TTM001
11400,HN-DEMO-008,VN20250609006,G43.9,2,01100,TTM001
11400,HN-DEMO-008,VN20250714005,U61.2,1,01100,TTM001
11400,HN-DEMO-008,VN20250714005,G43.9,2,01100,TTM001
11400,HN-DEMO-008,VN20250818004,U61.2,1,01100,TTM001
11400,HN-DEMO-008,VN20250818004,G43.9,2,01100,TTM001
11400,HN-DEMO-008,VN20250922003,U61.2,1,01100,TTM001
11400,HN-DEMO-008,VN20250922003,G43.9,2,01100,TTM001
11400,HN-DEMO-008,VN20251027002,U61.2,1,01100,TTM001
11400,HN-DEMO-008,VN20251027002,G43.9,2,01100,TTM001
11400,HN-DEMO-008,VN20251201001,U61.2,1,01100,TTM001
11400,HN-DEMO-008,VN20251201001,G43.9,2,01100,TTM001
11400,HN-DEMO-009,VN20260106005,U56.19,1,01100,TTM001
11400,HN-DEMO-009,VN20260106005,J00,2,01100,TTM001
11400,HN-DEMO-009,VN20260210004,U56.19,1,01100,TTM001
11400,HN-DEMO-009,VN20260210004,J00,2,01100,TTM001
11400,HN-DEMO-009,VN20260317003,U56.19,1,01100,TTM001
11400,HN-DEMO-009,VN20260317003,J00,2,01100,TTM001
11400,HN-DEMO-009,VN20260421002,U56.19,1,01100,TTM001
11400,HN-DEMO-009,VN20260421002,J00,2,01100,TTM001
11400,HN-DEMO-009,VN20260526001,U56.19,1,01100,TTM001
11400,HN-DEMO-009,VN20260526001,J00,2,01100,TTM001
11400,HN-DEMO-010,VN20260304006,U61.2,1,01100,TTM001
11400,HN-DEMO-010,VN20260304006,G43.9,2,01100,TTM001
11400,HN-DEMO-010,VN20260408005,U61.2,1,01100,TTM001
11400,HN-DEMO-010,VN20260408005,G43.9,2,01100,TTM001
11400,HN-DEMO-010,VN20260513004,U61.2,1,01100,TTM001
11400,HN-DEMO-010,VN20260513004,G43.9,2,01100,TTM001
11400,HN-DEMO-010,VN20260617003,U61.2,1,01100,TTM001
11400,HN-DEMO-010,VN20260617003,G43.9,2,01100,TTM001
11400,HN-DEMO-010,VN20260722002,U61.2,1,01100,TTM001
11400,HN-DEMO-010,VN20260722002,G43.9,2,01100,TTM001
11400,HN-DEMO-010,VN20260826001,U61.2,1,01100,TTM001
11400,HN-DEMO-010,VN20260826001,G43.9,2,01100,TTM001
