HOSPCODE,PID,SEQ,DCODE,DNAME,AMOUNT,UNIT,UNIT_PRICE,TOTAL_PRICE,COST_PRICE,DRUG_TYPE,USAGE_INSTRUCTION
11400,HN-DEMO-001,VN20251009005,420000000489469118011411,ยาธาตุอบเชย,1,หน่วย,35.0,35.0,24.5,2,รับประทานตามคำแนะนำแพทย์แผนไทย
11400,HN-DEMO-001,VN20251113004,420000000489469118011411,ยาธาตุอบเชย,1,หน่วย,35.0,35.0,24.5,2,รับประทานตามคำแนะนำแพทย์แผนไทย
11400,HN-DEMO-001,VN20251218003,420000000489469118011411,ยาธาตุอบเชย,1,หน่วย,35.0,35.0,24.5,2,รับประทานตามคำแนะนำแพทย์แผนไทย
11400,HN-DEMO-001,VN20260122002,420000000489469118011411,ยาธาตุอบเชย,1,หน่วย,35.0,35.0,24.5,2,รับประทานตามคำแนะนำแพทย์แผนไทย
11400,HN-DEMO-001,VN20260226001,420000000489469118011411,ยาธาตุอบเชย,1,หน่วย,35.0,35.0,24.5,2,รับประทานตามคำแนะนำแพทย์แผนไทย
11400,HN-DEMO-002,VN20260112006,420000000489469118011411,ยาธาตุอบเชย,1,หน่วย,35.0,35.0,24.5,2,รับประทานตามคำแนะนำแพทย์แผนไทย
11400,HN-DEMO-002,VN20260216005,420000000489469118011411,ยาธาตุอบเชย,1,หน่วย,35.0,35.0,24.5,2,รับประทานตามคำแนะนำแพทย์แผนไทย
11400,HN-DEMO-002,VN20260323004,420000000489469118011411,ยาธาตุอบเชย,1,หน่วย,35.0,35.0,24.5,2,รับประทานตามคำแนะนำแพทย์แผนไทย
11400,HN-DEMO-002,VN20260427003,420000000489469118011411,ยาธาตุอบเชย,1,หน่วย,35.0,35.0,24.5,2,รับประทานตามคำแนะนำแพทย์แผนไทย
11400,HN-DEMO-002,VN20260601002,420000000489469118011411,ยาธาตุอบเชย,1,หน่วย,35.0,35.0,24.5,2,รับประทานตามคำแนะนำแพทย์แผนไทย
11400,HN-DEMO-002,VN20260706001,420000000489469118011411,ยาธาตุอบเชย,1,หน่วย,35.0,35.0,24.5,2,รับประทานตามคำแนะนำแพทย์แผนไทย
11400,HN-DEMO-002,VN25690820002,24D_MED-CONV-001,Warfarin sodium 3.0 mg,30,เม็ด,5.0,150.0,105.0,1,รับประทาน ก่อนนอน
11400,HN-DEMO-003,VN20260603005,420000000452159102011410,ยาประสะมะแว้ง,20,หน่วย,1.0,20.0,14.0,2,รับประทานตามคำแนะนำแพทย์แผนไทย
11400,HN-DEMO-003,VN20260708004,420000000452159102011410,ยาประสะมะแว้ง,20,หน่วย,1.0,20.0,14.0,2,รับประทานตามคำแนะนำแพทย์แผนไทย
11400,HN-DEMO-003,VN20260812003,420000000452159102011410,ยาประสะมะแว้ง,20,หน่วย,1.0,20.0,14.0,2,รับประทานตามคำแนะนำแพทย์แผนไทย
11400,HN-DEMO-003,VN20260916002,420000000452159102011410,ยาประสะมะแว้ง,20,หน่วย,1.0,20.0,14.0,2,รับประทานตามคำแนะนำแพทย์แผนไทย
11400,HN-DEMO-003,VN20261021001,420000000452159102011410,ยาประสะมะแว้ง,20,หน่วย,1.0,20.0,14.0,2,รับประทานตามคำแนะนำแพทย์แผนไทย
11400,HN-DEMO-003,VN25691205003,24D_MED-CONV-002,Amlodipine besilate 5.0 mg,30,เม็ด,5.0,150.0,105.0,1,รับประทาน หลังอาหารเช้า
11400,HN-DEMO-003,VN25691205003,24D_MED-CONV-003,Losartan potassium 50.0 mg,30,เม็ด,5.0,150.0,105.0,1,รับประทาน หลังอาหารเช้า
11400,HN-DEMO-004,VN20251219004,420000000489469118011411,ยาธาตุอบเชย,1,หน่วย,35.0,35.0,24.5,2,รับประทานตามคำแนะนำแพทย์แผนไทย
11400,HN-DEMO-004,VN20260123003,420000000489469118011411,ยาธาตุอบเชย,1,หน่วย,35.0,35.0,24.5,2,รับประทานตามคำแนะนำแพทย์แผนไทย
11400,HN-DEMO-004,VN20260227002,420000000489469118011411,ยาธาตุอบเชย,1,หน่วย,35.0,35.0,24.5,2,รับประทานตามคำแนะนำแพทย์แผนไทย
11400,HN-DEMO-004,VN20260403001,420000000489469118011411,ยาธาตุอบเชย,1,หน่วย,35.0,35.0,24.5,2,รับประทานตามคำแนะนำแพทย์แผนไทย
11400,HN-DEMO-004,VN25690518004,24D_MED-CONV-004,Metformin hydrochloride 500.0 mg,30,เม็ด,5.0,150.0,105.0,1,รับประทาน พร้อมอาหาร เช้า-เย็น
11400,HN-DEMO-004,VN25690518004,24D_MED-CONV-005,Glipizide 5.0 mg,30,เม็ด,5.0,150.0,105.0,1,รับประทาน ก่อนอาหารเช้า 30 นาที
11400,HN-DEMO-005,VN20260313005,420000000452159102011410,ยาประสะมะแว้ง,20,หน่วย,1.0,20.0,14.0,2,รับประทานตามคำแนะนำแพทย์แผนไทย
11400,HN-DEMO-005,VN20260417004,420000000452159102011410,ยาประสะมะแว้ง,20,หน่วย,1.0,20.0,14.0,2,รับประทานตามคำแนะนำแพทย์แผนไทย
11400,HN-DEMO-005,VN20260522003,420000000452159102011410,ยาประสะมะแว้ง,20,หน่วย,1.0,20.0,14.0,2,รับประทานตามคำแนะนำแพทย์แผนไทย
11400,HN-DEMO-005,VN20260626002,420000000452159102011410,ยาประสะมะแว้ง,20,หน่วย,1.0,20.0,14.0,2,รับประทานตามคำแนะนำแพทย์แผนไทย
11400,HN-DEMO-005,VN20260731001,420000000452159102011410,ยาประสะมะแว้ง,20,หน่วย,1.0,20.0,14.0,2,รับประทานตามคำแนะนำแพทย์แผนไทย
11400,HN-DEMO-005,VN25690914005,24D_MED-CONV-006,Cetirizine hydrochloride 10.0 mg,10,เม็ด,5.0,50.0,35.0,1,รับประทาน ก่อนนอน
11400,HN-DEMO-006,VN20260701004,420000000414019120011409,ยาหอมนวโกฐ,10,หน่วย,5.0,50.0,35.0,2,รับประทานตามคำแนะนำแพทย์แผนไทย
11400,HN-DEMO-006,VN20260805003,420000000414019120011409,ยาหอมนวโกฐ,10,หน่วย,5.0,50.0,35.0,2,รับประทานตามคำแนะนำแพทย์แผนไทย
11400,HN-DEMO-006,VN20260909002,420000000414019120011409,ยาหอมนวโกฐ,10,หน่วย,5.0,50.0,35.0,2,รับประทานตามคำแนะนำแพทย์แผนไทย
11400,HN-DEMO-006,VN20261014001,420000000414019120011409,ยาหอมนวโกฐ,10,หน่วย,5.0,50.0,35.0,2,รับประทานตามคำแนะนำแพทย์แผนไทย
11400,HN-DEMO-006,VN25691128006,24D_MED-CONV-007,Simvastatin 20.0 mg,30,เม็ด,5.0,150.0,105.0,1,รับประทาน ก่อนนอน
11400,HN-DEMO-007,VN20250921005,410000000299429114011407,ยาน้ำมันไพล,1,หน่วย,45.0,45.0,31.5,2,รับประทานตามคำแนะนำแพทย์แผนไทย
11400,HN-DEMO-007,VN20251026004,410000000299429114011407,ยาน้ำมันไพล,1,หน่วย,45.0,45.0,31.5,2,รับประทานตามคำแนะนำแพทย์แผนไทย
11400,HN-DEMO-007,VN20251130003,410000000299429114011407,ยาน้ำมันไพล,1,หน่วย,45.0,45.0,31.5,2,รับประทานตามคำแนะนำแพทย์แผนไทย
11400,HN-DEMO-007,VN20260104002,410000000299429114011407,ยาน้ำมันไพล,1,หน่วย,45.0,45.0,31.5,2,รับประทานตามคำแนะนำแพทย์แผนไทย
11400,HN-DEMO-007,VN20260208001,410000000299429114011407,ยาน้ำมันไพล,1,หน่วย,45.0,45.0,31.5,2,รับประทานตามคำแนะนำแพทย์แผนไทย
11400,HN-DEMO-007,VN25690325007,24D_MED-CONV-008,Ibuprofen 400.0 mg,5,เม็ด,5.0,25.0,17.5,1,รับประทาน หลังอาหารทันที เช้า-กลางวัน-เย็น
11400,HN-DEMO-008,VN20250609006,420000000414019120011409,ยาหอมนวโกฐ,10,หน่วย,5.0,50.0,35.0,2,รับประทานตามคำแนะนำแพทย์แผนไทย
11400,HN-DEMO-008,VN20250714005,420000000414019120011409,ยาหอมนวโกฐ,10,หน่วย,5.0,50.0,35.0,2,รับประทานตามคำแนะนำแพทย์แผนไทย
11400,HN-DEMO-008,VN20250818004,420000000414019120011409,ยาหอมนวโกฐ,10,หน่วย,5.0,50.0,35.0,2,รับประทานตามคำแนะนำแพทย์แผนไทย
11400,HN-DEMO-008,VN20250922003,420000000414019120011409,ยาหอมนวโกฐ,10,หน่วย,5.0,50.0,35.0,2,รับประทานตามคำแนะนำแพทย์แผนไทย
11400,HN-DEMO-008,VN20251027002,420000000414019120011409,ยาหอมนวโกฐ,10,หน่วย,5.0,50.0,35.0,2,รับประทานตามคำแนะนำแพทย์แผนไทย
11400,HN-DEMO-008,VN20251201001,420000000414019120011409,ยาหอมนวโกฐ,10,หน่วย,5.0,50.0,35.0,2,รับประทานตามคำแนะนำแพทย์แผนไทย
11400,HN-DEMO-008,VN25690115008,24D_MED-CONV-009,Clopidogrel bisulfate 75.0 mg,30,เม็ด,5.0,150.0,105.0,1,รับประทาน หลังอาหารเช้า
11400,HN-DEMO-008,VN25690115008,24D_MED-CONV-010,Aspirin (Acetylsalicylic acid) 81.0 mg,30,เม็ด,5.0,150.0,105.0,1,รับประทาน หลังอาหารเช้าทันที
11400,HN-DEMO-009,VN20260106005,420000000452159102011410,ยาประสะมะแว้ง,20,หน่วย,1.0,20.0,14.0,2,รับประทานตามคำแนะนำแพทย์แผนไทย
11400,HN-DEMO-009,VN20260210004,420000000452159102011410,ยาประสะมะแว้ง,20,หน่วย,1.0,20.0,14.0,2,รับประทานตามคำแนะนำแพทย์แผนไทย
11400,HN-DEMO-009,VN20260317003,420000000452159102011410,ยาประสะมะแว้ง,20,หน่วย,1.0,20.0,14.0,2,รับประทานตามคำแนะนำแพทย์แผนไทย
11400,HN-DEMO-009,VN20260421002,420000000452159102011410,ยาประสะมะแว้ง,20,หน่วย,1.0,20.0,14.0,2,รับประทานตามคำแนะนำแพทย์แผนไทย
11400,HN-DEMO-009,VN20260526001,420000000452159102011410,ยาประสะมะแว้ง,20,หน่วย,1.0,20.0,14.0,2,รับประทานตามคำแนะนำแพทย์แผนไทย
11400,HN-DEMO-009,VN25690710009,24D_MED-CONV-011,Paracetamol (Acetaminophen) 120.0 mg,3,เม็ด,5.0,15.0,10.5,1,รับประทาน ทุก 4-6 ชั่วโมง เมื่อมีไข้
11400,HN-DEMO-010,VN20260304006,420000000414019120011409,ยาหอมนวโกฐ,10,หน่วย,5.0,50.0,35.0,2,รับประทานตามคำแนะนำแพทย์แผนไทย
11400,HN-DEMO-010,VN20260408005,420000000414019120011409,ยาหอมนวโกฐ,10,หน่วย,5.0,50.0,35.0,2,รับประทานตามคำแนะนำแพทย์แผนไทย
11400,HN-DEMO-010,VN20260513004,420000000414019120011409,ยาหอมนวโกฐ,10,หน่วย,5.0,50.0,35.0,2,รับประทานตามคำแนะนำแพทย์แผนไทย
11400,HN-DEMO-010,VN20260617003,420000000414019120011409,ยาหอมนวโกฐ,10,หน่วย,5.0,50.0,35.0,2,รับประทานตามคำแนะนำแพทย์แผนไทย
11400,HN-DEMO-010,VN20260722002,420000000414019120011409,ยาหอมนวโกฐ,10,หน่วย,5.0,50.0,35.0,2,รับประทานตามคำแนะนำแพทย์แผนไทย
11400,HN-DEMO-010,VN20260826001,420000000414019120011409,ยาหอมนวโกฐ,10,หน่วย,5.0,50.0,35.0,2,รับประทานตามคำแนะนำแพทย์แผนไทย
11400,HN-DEMO-010,VN25691010010,24D_MED-CONV-012,Digoxin 0.25 mg,30,เม็ด,5.0,150.0,105.0,1,รับประทาน หลังอาหารเช้า
