HOSPCODE,PID,CID_HASH,NAME,SEX,BIRTH,AGE_Y,PROVINCE,DISTRICT
11400,HN-DEMO-001,SYNTH_CID_HN-DEMO-001,นางมาลี มีสุข (ข้อมูลสังเคราะห์),2,1981-04-12,45,10,01
11400,HN-DEMO-002,SYNTH_CID_HN-DEMO-002,นายบุญมี สุขสว่าง (ข้อมูลสังเคราะห์),1,1954-08-20,72,14,01
11400,HN-DEMO-003,SYNTH_CID_HN-DEMO-003,นางสมทรง เวียงพิงค์ (ข้อมูลสังเคราะห์),2,1966-12-05,60,50,01
11400,HN-DEMO-004,SYNTH_CID_HN-DEMO-004,นายประสิทธิ์ ศรีแก่น (ข้อมูลสังเคราะห์),1,1971-05-18,55,40,01
11400,HN-DEMO-005,SYNTH_CID_HN-DEMO-005,นางสาววิภาวรรณ ชลธี (ข้อมูลสังเคราะห์),2,1988-09-14,38,10,01
11400,HN-DEMO-006,SYNTH_CID_HN-DEMO-006,นายสมพร เกาะสมุย (ข้อมูลสังเคราะห์),1,1961-11-28,65,90,01
11400,HN-DEMO-007,SYNTH_CID_HN-DEMO-007,นายธนกร รัตนวงศ์ (ข้อมูลสังเคราะห์),1,1998-03-25,28,10,01
11400,HN-DEMO-008,SYNTH_CID_HN-DEMO-008,นางพวงเพ็ญ จันทร์แจ่ม (ข้อมูลสังเคราะห์),2,1956-01-15,70,50,01
11400,HN-DEMO-009,SYNTH_CID_HN-DEMO-009,เด็กชายกิตติศักดิ์ เจริญดี (ข้อมูลสังเคราะห์),1,2018-07-10,8,73,01
11400,HN-DEMO-010,SYNTH_CID_HN-DEMO-010,นายสมศักดิ์ วารินชำราบ (ข้อมูลสังเคราะห์),1,1968-10-10,58,34,01
