HOSPCODE,PID,SEQ,PROCEDCODE,PROCEDNAME,SERVICEPRICE,CLINIC,PROVIDER
11400,HN-DEMO-001,VN20251009005,9007720,ประคบสมุนไพรเพื่อการบำบัดรักษา,150.0,01100,TTM001
11400,HN-DEMO-001,VN20251113004,9007720,ประคบสมุนไพรเพื่อการบำบัดรักษา,150.0,01100,TTM001
11400,HN-DEMO-001,VN20251218003,9007720,ประคบสมุนไพรเพื่อการบำบัดรักษา,150.0,01100,TTM001
11400,HN-DEMO-001,VN20260122002,9007720,ประคบสมุนไพรเพื่อการบำบัดรักษา,150.0,01100,TTM001
11400,HN-DEMO-001,VN20260226001,9007720,ประคบสมุนไพรเพื่อการบำบัดรักษา,150.0,01100,TTM001
11400,HN-DEMO-002,VN20260112006,9007720,ประคบสมุนไพรเพื่อการบำบัดรักษา,150.0,01100,TTM001
11400,HN-DEMO-002,VN20260216005,9007720,ประคบสมุนไพรเพื่อการบำบัดรักษา,150.0,01100,TTM001
11400,HN-DEMO-002,VN20260323004,9007720,ประคบสมุนไพรเพื่อการบำบัดรักษา,150.0,01100,TTM001
11400,HN-DEMO-002,VN20260427003,9007720,ประคบสมุนไพรเพื่อการบำบัดรักษา,150.0,01100,TTM001
11400,HN-DEMO-002,VN20260601002,9007720,ประคบสมุนไพรเพื่อการบำบัดรักษา,150.0,01100,TTM001
11400,HN-DEMO-002,VN20260706001,9007720,ประคบสมุนไพรเพื่อการบำบัดรักษา,150.0,01100,TTM001
11400,HN-DEMO-003,VN20260603005,9007730,อบไอน้ำสมุนไพรเพื่อการบำบัดรักษา,120.0,01100,TTM001
11400,HN-DEMO-003,VN20260708004,9007730,อบไอน้ำสมุนไพรเพื่อการบำบัดรักษา,120.0,01100,TTM001
11400,HN-DEMO-003,VN20260812003,9007730,อบไอน้ำสมุนไพรเพื่อการบำบัดรักษา,120.0,01100,TTM001
11400,HN-DEMO-003,VN20260916002,9007730,อบไอน้ำสมุนไพรเพื่อการบำบัดรักษา,120.0,01100,TTM001
11400,HN-DEMO-003,VN20261021001,9007730,อบไอน้ำสมุนไพรเพื่อการบำบัดรักษา,120.0,01100,TTM001
11400,HN-DEMO-004,VN20251219004,9007720,ประคบสมุนไพรเพื่อการบำบัดรักษา,150.0,01100,TTM001
11400,HN-DEMO-004,VN20260123003,9007720,ประคบสมุนไพรเพื่อการบำบัดรักษา,150.0,01100,TTM001
11400,HN-DEMO-004,VN20260227002,9007720,ประคบสมุนไพรเพื่อการบำบัดรักษา,150.0,01100,TTM001
11400,HN-DEMO-004,VN20260403001,9007720,ประคบสมุนไพรเพื่อการบำบัดรักษา,150.0,01100,TTM001
11400,HN-DEMO-005,VN20260313005,9007730,อบไอน้ำสมุนไพรเพื่อการบำบัดรักษา,120.0,01100,TTM001
11400,HN-DEMO-005,VN20260417004,9007730,อบไอน้ำสมุนไพรเพื่อการบำบัดรักษา,120.0,01100,TTM001
11400,HN-DEMO-005,VN20260522003,9007730,อบไอน้ำสมุนไพรเพื่อการบำบัดรักษา,120.0,01100,TTM001
11400,HN-DEMO-005,VN20260626002,9007730,อบไอน้ำสมุนไพรเพื่อการบำบัดรักษา,120.0,01100,TTM001
11400,HN-DEMO-005,VN20260731001,9007730,อบไอน้ำสมุนไพรเพื่อการบำบัดรักษา,120.0,01100,TTM001
11400,HN-DEMO-006,VN20260701004,9007710,นวดไทยเพื่อการบำบัดรักษา,250.0,01100,TTM001
11400,HN-DEMO-006,VN20260805003,9007710,นวดไทยเพื่อการบำบัดรักษา,250.0,01100,TTM001
11400,HN-DEMO-006,VN20260909002,9007710,นวดไทยเพื่อการบำบัดรักษา,250.0,01100,TTM001
11400,HN-DEMO-006,VN20261014001,9007710,นวดไทยเพื่อการบำบัดรักษา,250.0,01100,TTM001
11400,HN-DEMO-007,VN20250921005,9007710,นวดไทยเพื่อการบำบัดรักษา,250.0,01100,TTM001
11400,HN-DEMO-007,VN20251026004,9007710,นวดไทยเพื่อการบำบัดรักษา,250.0,01100,TTM001
11400,HN-DEMO-007,VN20251130003,9007710,นวดไทยเพื่อการบำบัดรักษา,250.0,01100,TTM001
11400,HN-DEMO-007,VN20260104002,9007710,นวดไทยเพื่อการบำบัดรักษา,250.0,01100,TTM001
11400,HN-DEMO-007,VN20260208001,9007710,นวดไทยเพื่อการบำบัดรักษา,250.0,01100,TTM001
11400,HN-DEMO-008,VN20250609006,9007710,นวดไทยเพื่อการบำบัดรักษา,250.0,01100,TTM001
11400,HN-DEMO-008,VN20250714005,9007710,นวดไทยเพื่อการบำบัดรักษา,250.0,01100,TTM001
11400,HN-DEMO-008,VN20250818004,9007710,นวดไทยเพื่อการบำบัดรักษา,250.0,01100,TTM001
11400,HN-DEMO-008,VN20250922003,9007710,นวดไทยเพื่อการบำบัดรักษา,250.0,01100,TTM001
11400,HN-DEMO-008,VN20251027002,9007710,นวดไทยเพื่อการบำบัดรักษา,250.0,01100,TTM001
11400,HN-DEMO-008,VN20251201001,9007710,นวดไทยเพื่อการบำบัดรักษา,250.0,01100,TTM001
11400,HN-DEMO-009,VN20260106005,9007730,อบไอน้ำสมุนไพรเพื่อการบำบัดรักษา,120.0,01100,TTM001
11400,HN-DEMO-009,VN20260210004,9007730,อบไอน้ำสมุนไพรเพื่อการบำบัดรักษา,120.0,01100,TTM001
11400,HN-DEMO-009,VN20260317003,9007730,อบไอน้ำสมุนไพรเพื่อการบำบัดรักษา,120.0,01100,TTM001
11400,HN-DEMO-009,VN20260421002,9007730,อบไอน้ำสมุนไพรเพื่อการบำบัดรักษา,120.0,01100,TTM001
11400,HN-DEMO-009,VN20260526001,9007730,อบไอน้ำสมุนไพรเพื่อการบำบัดรักษา,120.0,01100,TTM001
11400,HN-DEMO-010,VN20260304006,9007710,นวดไทยเพื่อการบำบัดรักษา,250.0,01100,TTM001
11400,HN-DEMO-010,VN20260408005,9007710,นวดไทยเพื่อการบำบัดรักษา,250.0,01100,TTM001
11400,HN-DEMO-010,VN20260513004,9007710,นวดไทยเพื่อการบำบัดรักษา,250.0,01100,TTM001
11400,HN-DEMO-010,VN20260617003,9007710,นวดไทยเพื่อการบำบัดรักษา,250.0,01100,TTM001
11400,HN-DEMO-010,VN20260722002,9007710,นวดไทยเพื่อการบำบัดรักษา,250.0,01100,TTM001
11400,HN-DEMO-010,VN20260826001,9007710,นวดไทยเพื่อการบำบัดรักษา,250.0,01100,TTM001
