HOSPCODE,PID,SEQ,DATE_SERV,TIME_SERV,CHIEFCOMP,BTEMP,SBP,DBP,PR,RR,WEIGHT,HEIGHT
11400,HN-DEMO-001,VN20251009005,2025-10-09,09:30:00,ลมกษัยจุกเสียด (ท้องอืด ท้องเฟ้อ),36.6,120,80,75,18,58.0,160.0
11400,HN-DEMO-001,VN20251113004,2025-11-13,09:30:00,ลมกษัยจุกเสียด (ท้องอืด ท้องเฟ้อ),36.6,120,80,75,18,58.0,160.0
11400,HN-DEMO-001,VN20251218003,2025-12-18,09:30:00,ลมกษัยจุกเสียด (ท้องอืด ท้องเฟ้อ),36.6,120,80,75,18,58.0,160.0
11400,HN-DEMO-001,VN20260122002,2026-01-22,09:30:00,ลมกษัยจุกเสียด (ท้องอืด ท้องเฟ้อ),36.6,120,80,75,18,58.0,160.0
11400,HN-DEMO-001,VN20260226001,2026-02-26,09:30:00,ลมกษัยจุกเสียด (ท้องอืด ท้องเฟ้อ),36.6,120,80,75,18,58.0,160.0
11400,HN-DEMO-001,VN25690412001,2026-04-12,10:30:00,ท้องอืด จุกเสียด แน่นท้องหลังอาหาร เรอบ่อย ไม่อยากอาหาร 2 วัน,36.8,118,76,74,18,58.0,160.0
11400,HN-DEMO-002,VN20260112006,2026-01-12,09:30:00,ลมกษัยจุกเสียด (ท้องอืด ท้องเฟ้อ),36.6,120,80,75,18,64.0,168.0
11400,HN-DEMO-002,VN20260216005,2026-02-16,09:30:00,ลมกษัยจุกเสียด (ท้องอืด ท้องเฟ้อ),36.6,120,80,75,18,64.0,168.0
11400,HN-DEMO-002,VN20260323004,2026-03-23,09:30:00,ลมกษัยจุกเสียด (ท้องอืด ท้องเฟ้อ),36.6,120,80,75,18,64.0,168.0
11400,HN-DEMO-002,VN20260427003,2026-04-27,09:30:00,ลมกษัยจุกเสียด (ท้องอืด ท้องเฟ้อ),36.6,120,80,75,18,64.0,168.0
11400,HN-DEMO-002,VN20260601002,2026-06-01,09:30:00,ลมกษัยจุกเสียด (ท้องอืด ท้องเฟ้อ),36.6,120,80,75,18,64.0,168.0
11400,HN-DEMO-002,VN20260706001,2026-07-06,09:30:00,ลมกษัยจุกเสียด (ท้องอืด ท้องเฟ้อ),36.6,120,80,75,18,64.0,168.0
11400,HN-DEMO-002,VN25690820002,2026-08-20,14:15:00,แน่นจุกเสียดท้อง แสบร้อนยอดอก ทานอาหารไม่ย่อย มีลมตีขึ้น 1 สัปดาห์,36.6,132,82,72,18,64.0,168.0
11400,HN-DEMO-003,VN20260603005,2026-06-03,09:30:00,"ไข้หวัด, ไม่ระบุรายละเอียด",36.6,120,80,75,18,62.0,155.0
11400,HN-DEMO-003,VN20260708004,2026-07-08,09:30:00,"ไข้หวัด, ไม่ระบุรายละเอียด",36.6,120,80,75,18,62.0,155.0
11400,HN-DEMO-003,VN20260812003,2026-08-12,09:30:00,"ไข้หวัด, ไม่ระบุรายละเอียด",36.6,120,80,75,18,62.0,155.0
11400,HN-DEMO-003,VN20260916002,2026-09-16,09:30:00,"ไข้หวัด, ไม่ระบุรายละเอียด",36.6,120,80,75,18,62.0,155.0
11400,HN-DEMO-003,VN20261021001,2026-10-21,09:30:00,"ไข้หวัด, ไม่ระบุรายละเอียด",36.6,120,80,75,18,62.0,155.0
11400,HN-DEMO-003,VN25691205003,2026-12-05,09:00:00,ไอแห้งๆ ระคายคอ คอแห้ง เจ็บคอ มีเสมหะเหนียวขาวตอนเช้า 4 วัน,37.0,142,88,78,20,62.0,155.0
11400,HN-DEMO-004,VN20251219004,2025-12-19,09:30:00,ลมกษัยจุกเสียด (ท้องอืด ท้องเฟ้อ),36.6,120,80,75,18,75.0,170.0
11400,HN-DEMO-004,VN20260123003,2026-01-23,09:30:00,ลมกษัยจุกเสียด (ท้องอืด ท้องเฟ้อ),36.6,120,80,75,18,75.0,170.0
11400,HN-DEMO-004,VN20260227002,2026-02-27,09:30:00,ลมกษัยจุกเสียด (ท้องอืด ท้องเฟ้อ),36.6,120,80,75,18,75.0,170.0
11400,HN-DEMO-004,VN20260403001,2026-04-03,09:30:00,ลมกษัยจุกเสียด (ท้องอืด ท้องเฟ้อ),36.6,120,80,75,18,75.0,170.0
11400,HN-DEMO-004,VN25690518004,2026-05-18,11:20:00,อ่อนเพลีย ร้อนใน กระหายน้ำ ทานจุ คอแห้ง อยากหาสมุนไพรช่วยคุมน้ำตาล 1 สัปดาห์,37.1,128,80,82,18,75.0,170.0
11400,HN-DEMO-005,VN20260313005,2026-03-13,09:30:00,"ไข้หวัด, ไม่ระบุรายละเอียด",36.6,120,80,75,18,52.0,162.0
11400,HN-DEMO-005,VN20260417004,2026-04-17,09:30:00,"ไข้หวัด, ไม่ระบุรายละเอียด",36.6,120,80,75,18,52.0,162.0
11400,HN-DEMO-005,VN20260522003,2026-05-22,09:30:00,"ไข้หวัด, ไม่ระบุรายละเอียด",36.6,120,80,75,18,52.0,162.0
11400,HN-DEMO-005,VN20260626002,2026-06-26,09:30:00,"ไข้หวัด, ไม่ระบุรายละเอียด",36.6,120,80,75,18,52.0,162.0
11400,HN-DEMO-005,VN20260731001,2026-07-31,09:30:00,"ไข้หวัด, ไม่ระบุรายละเอียด",36.6,120,80,75,18,52.0,162.0
11400,HN-DEMO-005,VN25690914005,2026-09-14,15:45:00,มีไข้ต่ำ ครั่นเนื้อครั่นตัว เจ็บคอ มีน้ำมูกใส จามบ่อย ปวดเมื่อยตามตัว 2 วัน,37.6,115,74,84,18,52.0,162.0
11400,HN-DEMO-006,VN20260701004,2026-07-01,09:30:00,ลมปะกัง หรือ ลมตะกัง,36.6,120,80,75,18,70.0,165.0
11400,HN-DEMO-006,VN20260805003,2026-08-05,09:30:00,ลมปะกัง หรือ ลมตะกัง,36.6,120,80,75,18,70.0,165.0
11400,HN-DEMO-006,VN20260909002,2026-09-09,09:30:00,ลมปะกัง หรือ ลมตะกัง,36.6,120,80,75,18,70.0,165.0
11400,HN-DEMO-006,VN20261014001,2026-10-14,09:30:00,ลมปะกัง หรือ ลมตะกัง,36.6,120,80,75,18,70.0,165.0
11400,HN-DEMO-006,VN25691128006,2026-11-28,13:30:00,มึนงงศีรษะ แน่นท้อง อึดอัดตัว ลมตีขึ้นบ่อย อยากใช้กระเทียมช่วยลดไขมัน 5 วัน,36.5,130,84,70,18,70.0,165.0
11400,HN-DEMO-007,VN20250921005,2025-09-21,09:30:00,"ลมปลายปัตฆาตสัญญาณ 4, 5 หลัง",36.6,120,80,75,18,68.0,175.0
11400,HN-DEMO-007,VN20251026004,2025-10-26,09:30:00,"ลมปลายปัตฆาตสัญญาณ 4, 5 หลัง",36.6,120,80,75,18,68.0,175.0
11400,HN-DEMO-007,VN20251130003,2025-11-30,09:30:00,"ลมปลายปัตฆาตสัญญาณ 4, 5 หลัง",36.6,120,80,75,18,68.0,175.0
11400,HN-DEMO-007,VN20260104002,2026-01-04,09:30:00,"ลมปลายปัตฆาตสัญญาณ 4, 5 หลัง",36.6,120,80,75,18,68.0,175.0
11400,HN-DEMO-007,VN20260208001,2026-02-08,09:30:00,"ลมปลายปัตฆาตสัญญาณ 4, 5 หลัง",36.6,120,80,75,18,68.0,175.0
11400,HN-DEMO-007,VN25690325007,2026-03-25,16:20:00,ปวดเมื่อยกล้ามเนื้อน่องและหลังส่วนล่าง กล้ามเนื้อตึงยึดหลังยกของหนัก 2 วัน,36.7,122,78,76,16,68.0,175.0
11400,HN-DEMO-008,VN20250609006,2025-06-09,09:30:00,ลมปะกัง หรือ ลมตะกัง,36.6,120,80,75,18,54.0,152.0
11400,HN-DEMO-008,VN20250714005,2025-07-14,09:30:00,ลมปะกัง หรือ ลมตะกัง,36.6,120,80,75,18,54.0,152.0
11400,HN-DEMO-008,VN20250818004,2025-08-18,09:30:00,ลมปะกัง หรือ ลมตะกัง,36.6,120,80,75,18,54.0,152.0
11400,HN-DEMO-008,VN20250922003,2025-09-22,09:30:00,ลมปะกัง หรือ ลมตะกัง,36.6,120,80,75,18,54.0,152.0
11400,HN-DEMO-008,VN20251027002,2025-10-27,09:30:00,ลมปะกัง หรือ ลมตะกัง,36.6,120,80,75,18,54.0,152.0
11400,HN-DEMO-008,VN20251201001,2025-12-01,09:30:00,ลมปะกัง หรือ ลมตะกัง,36.6,120,80,75,18,54.0,152.0
11400,HN-DEMO-008,VN25690115008,2026-01-15,14:40:00,ท้องอืด ลมในท้อง แน่นลิ้นปี่ หนาวในตัว แขนขาเย็น มือชา 3 วัน,36.4,135,82,68,18,54.0,152.0
11400,HN-DEMO-009,VN20260106005,2026-01-06,09:30:00,"ไข้หวัด, ไม่ระบุรายละเอียด",36.6,120,80,75,18,24.0,125.0
11400,HN-DEMO-009,VN20260210004,2026-02-10,09:30:00,"ไข้หวัด, ไม่ระบุรายละเอียด",36.6,120,80,75,18,24.0,125.0
11400,HN-DEMO-009,VN20260317003,2026-03-17,09:30:00,"ไข้หวัด, ไม่ระบุรายละเอียด",36.6,120,80,75,18,24.0,125.0
11400,HN-DEMO-009,VN20260421002,2026-04-21,09:30:00,"ไข้หวัด, ไม่ระบุรายละเอียด",36.6,120,80,75,18,24.0,125.0
11400,HN-DEMO-009,VN20260526001,2026-05-26,09:30:00,"ไข้หวัด, ไม่ระบุรายละเอียด",36.6,120,80,75,18,24.0,125.0
11400,HN-DEMO-009,VN25690710009,2026-07-10,08:30:00,ตัวร้อน ร้องงอแง เจ็บคอ มีน้ำมูกใส ปวดเมื่อยตามตัว 1 วัน,38.2,102,64,108,24,24.0,125.0
11400,HN-DEMO-010,VN20260304006,2026-03-04,09:30:00,ลมปะกัง หรือ ลมตะกัง,36.6,120,80,75,18,65.0,167.0
11400,HN-DEMO-010,VN20260408005,2026-04-08,09:30:00,ลมปะกัง หรือ ลมตะกัง,36.6,120,80,75,18,65.0,167.0
11400,HN-DEMO-010,VN20260513004,2026-05-13,09:30:00,ลมปะกัง หรือ ลมตะกัง,36.6,120,80,75,18,65.0,167.0
11400,HN-DEMO-010,VN20260617003,2026-06-17,09:30:00,ลมปะกัง หรือ ลมตะกัง,36.6,120,80,75,18,65.0,167.0
11400,HN-DEMO-010,VN20260722002,2026-07-22,09:30:00,ลมปะกัง หรือ ลมตะกัง,36.6,120,80,75,18,65.0,167.0
11400,HN-DEMO-010,VN20260826001,2026-08-26,09:30:00,ลมปะกัง หรือ ลมตะกัง,36.6,120,80,75,18,65.0,167.0
11400,HN-DEMO-010,VN25691010010,2026-10-10,10:15:00,ไอแห้งๆ คอแห้ง เจ็บคอ อ่อนเพลีย แน่นหน้าอกเล็กน้อย อยากได้ยาสมุนไพรชุ่มคอ 3 วัน,36.9,126,80,64,18,65.0,167.0
